{
  "MAE": 13.788844757497731,
  "MSE": 337.1385788452808,
  "RMSE": 18.361333798100855,
  "R2": 0.5196558654607943,
  "Adjusted_R2": 0.4633757625038847,
  "MAPE": 16.284131392869607,
  "NASA_Score": 7394.509738524006
}