{
  "Accuracy": 0.9151943462897526,
  "Precision": 0.36,
  "Recall": 1.0,
  "F1_Score": 0.5294117647058824,
  "ROC_AUC": 0.9665017522160378,
  "PR_AUC": 0.49065293671951826,
  "False_Positive_Rate": 0.08905380333951762,
  "False_Negative_Rate": 0.0,
  "Confusion_Matrix": [
    [
      982,
      96
    ],
    [
      0,
      54
    ]
  ]
}