{
  "MAE": 29.68662810861133,
  "MSE": 1196.510368537571,
  "RMSE": 34.5906109882085,
  "R2": -4.63565898097796,
  "Adjusted_R2": -8.63016452244036,
  "MAPE": 24.824569030788254,
  "NASA_Score": 14941.321935320673
}