{
  "MAE": 7.306182933354957,
  "MSE": 169.89477550165375,
  "RMSE": 13.034369010491215,
  "R2": 0.667191383421726,
  "Adjusted_R2": 0.6319027184097701,
  "MAPE": 7.223373296193121,
  "NASA_Score": 3453.1875686947774
}