{
  "MAE": 23.17683280133757,
  "MSE": 736.1493310565747,
  "RMSE": 27.13207200079962,
  "R2": 0.23797814840667553,
  "Adjusted_R2": 0.1398735387704092,
  "MAPE": 24.37808026784922,
  "NASA_Score": 16177.00807577079
}