{
  "MAE": 27.162672637770797,
  "MSE": 1371.113307808999,
  "RMSE": 37.02854720089621,
  "R2": -0.4193021136910666,
  "Adjusted_R2": -0.5815080695414743,
  "MAPE": 25.670805209351183,
  "NASA_Score": 83260.28985518127
}