{
  "Accuracy": 0.9620141342756183,
  "Precision": 0.6571428571428571,
  "Recall": 0.42592592592592593,
  "F1_Score": 0.5168539325842697,
  "ROC_AUC": 0.9674465745894317,
  "PR_AUC": 0.5548341741841302,
  "False_Positive_Rate": 0.011131725417439703,
  "False_Negative_Rate": 0.5740740740740741,
  "Confusion_Matrix": [
    [
      1066,
      12
    ],
    [
      31,
      23
    ]
  ]
}