{
  "Accuracy": 0.9212022745735174,
  "Precision": 0.21138211382113822,
  "Recall": 1.0,
  "F1_Score": 0.348993288590604,
  "ROC_AUC": 0.9785509096712417,
  "PR_AUC": 0.3521521604555585,
  "False_Positive_Rate": 0.08049792531120332,
  "False_Negative_Rate": 0.0,
  "Confusion_Matrix": [
    [
      1108,
      97
    ],
    [
      0,
      26
    ]
  ]
}