{
  "MAE": 25.34593621545735,
  "MSE": 832.7675325639345,
  "RMSE": 28.857711838673808,
  "R2": -5.282024458094957,
  "Adjusted_R2": -6.288536664088072,
  "MAPE": 21.747556000785984,
  "NASA_Score": 8801.208796692348
}