{
  "MAE": 15.365498578226495,
  "MSE": 376.79657682978745,
  "RMSE": 19.41124871897188,
  "R2": 0.4631524335940794,
  "Adjusted_R2": 0.40725089167030304,
  "MAPE": 15.435188176684347,
  "NASA_Score": 10397.76759129751
}