{
  "MAE": 12.478744097106661,
  "MSE": 261.5567449734398,
  "RMSE": 16.1727160666797,
  "R2": 0.48763381219760016,
  "Adjusted_R2": 0.4264911311369992,
  "MAPE": 13.866439722742296,
  "NASA_Score": 7391.974714844991
}