{
  "MAE": 13.788844757493429,
  "MSE": 337.13857884522474,
  "RMSE": 18.36133379809933,
  "R2": 0.5196558654608742,
  "Adjusted_R2": 0.46337576250397383,
  "MAPE": 16.284131392868424,
  "NASA_Score": 7394.509738521802
}