{
  "Accuracy": 0.9805036555645816,
  "Precision": 0.53125,
  "Recall": 0.6538461538461539,
  "F1_Score": 0.5862068965517241,
  "ROC_AUC": 0.8863070539419088,
  "PR_AUC": 0.6330381067448012,
  "False_Positive_Rate": 0.012448132780082987,
  "False_Negative_Rate": 0.34615384615384615,
  "Confusion_Matrix": [
    [
      1190,
      15
    ],
    [
      9,
      17
    ]
  ]
}