{
  "Accuracy": 0.9966969446738233,
  "Precision": 0.0,
  "Recall": 0.0,
  "F1_Score": 0.0,
  "ROC_AUC": 0.9946147473073736,
  "PR_AUC": 0.265018315018315,
  "False_Positive_Rate": 0.0,
  "False_Negative_Rate": 1.0,
  "Confusion_Matrix": [
    [
      1207,
      0
    ],
    [
      4,
      0
    ]
  ]
}