{
  "MAE": 23.17683280134344,
  "MSE": 736.149331056865,
  "RMSE": 27.13207200080497,
  "R2": 0.237978148406375,
  "Adjusted_R2": 0.13987353877007003,
  "MAPE": 24.378080267853175,
  "NASA_Score": 16177.008075745005
}