{
  "MAE": 12.478744097103297,
  "MSE": 261.55674497331046,
  "RMSE": 16.172716066675704,
  "R2": 0.4876338121978534,
  "Adjusted_R2": 0.42649113113728276,
  "MAPE": 13.86643972273616,
  "NASA_Score": 7391.9747148394545
}