{
  "MAE": 19.26556334325289,
  "MSE": 544.667936718704,
  "RMSE": 23.338121962118205,
  "R2": -3.108730427412917,
  "Adjusted_R2": -3.854196285551126,
  "MAPE": 16.237543632959213,
  "NASA_Score": 5612.445759423971
}